{"minzoom":0,"maxzoom":10,"center":[-59.238281,-52.160324,10.0],"bounds":[-73.566078,-55.057766,-53.635586,-21.777561]}