{"minzoom":0,"maxzoom":8,"center":[-59.765625,-52.050398,8.0],"bounds":[-73.566078,-55.057766,-53.635586,-21.777561]}