{"minzoom":0,"maxzoom":9,"center":[-59.414063,-52.267635,9.0],"bounds":[-73.566078,-55.057766,-53.635586,-21.777561]}